,Province/State,Country/Region,Lat,Long,Date,Min Temp (F),Max Temp (F),Wind Speed (Miles),Humidity,Pressure,Precip (Inches),Weather Code
0,,Thailand,15.0,101.0,2020-03-23,79.0,99.0,8.0,33.0,1010.0,0.0,116.0
1,,Japan,36.0,138.0,2020-03-23,27.0,42.0,7.0,38.0,1012.0,0.0,116.0
2,,Singapore,1.28,103.83,2020-03-23,79.0,86.0,5.0,69.0,1011.0,0.0,176.0
3,,Nepal,28.17,84.25,2020-03-23,54.0,77.0,4.0,44.0,1016.0,0.0,176.0
4,,Malaysia,2.5,112.5,2020-03-23,75.0,86.0,2.0,77.0,1011.0,0.2,356.0
5,British Columbia,Canada,49.28,-123.12,2020-03-23,41.0,47.0,6.0,73.0,1007.0,0.0,353.0
6,New South Wales,Australia,-33.87,151.21,2020-03-23,64.0,67.0,16.0,73.0,1025.0,0.0,353.0
7,Victoria,Australia,-37.81,144.96,2020-03-23,55.0,64.0,9.0,49.0,1027.0,0.0,176.0
8,Queensland,Australia,-28.02,153.4,2020-03-23,71.0,79.0,19.0,71.0,1019.0,0.0,353.0
9,,Cambodia,11.55,104.92,2020-03-23,76.0,100.0,6.0,38.0,1010.0,0.0,116.0
10,,Sri Lanka,7.0,81.0,2020-03-23,57.0,87.0,6.0,30.0,1011.0,0.0,116.0
11,,Germany,51.0,9.0,2020-03-23,25.0,45.0,11.0,30.0,1035.0,0.0,113.0
12,,Finland,64.0,26.0,2020-03-23,25.0,38.0,11.0,63.0,1030.0,0.0,122.0
13,,United Arab Emirates,24.0,54.0,2020-03-23,66.0,76.0,14.0,28.0,1015.0,0.0,113.0
14,,Philippines,13.0,122.0,2020-03-23,77.0,86.0,2.0,69.0,1012.0,0.0,116.0
15,,India,21.0,78.0,2020-03-23,76.0,98.0,7.0,16.0,1011.0,0.0,116.0
16,,Italy,43.0,12.0,2020-03-23,28.0,41.0,22.0,49.0,1024.0,0.0,113.0
17,,Sweden,63.0,16.0,2020-03-23,21.0,36.0,9.0,85.0,1025.0,0.0,122.0
18,,Spain,40.0,-4.0,2020-03-23,46.0,60.0,14.0,71.0,1014.0,0.0,389.0
19,South Australia,Australia,-34.93,138.6,2020-03-23,50.0,69.0,5.0,27.0,1027.0,0.0,116.0
20,,Belgium,50.83,4.0,2020-03-23,31.0,52.0,14.0,37.0,1030.0,0.0,113.0
21,,Egypt,26.0,30.0,2020-03-23,59.0,96.0,15.0,9.0,1011.0,0.0,116.0
22,From Diamond Princess,Australia,35.44,139.64,2020-03-23,37.0,53.0,12.0,59.0,1010.0,0.0,266.0
23,,Lebanon,33.85,35.86,2020-03-23,37.0,54.0,6.0,32.0,1014.0,0.0,116.0
24,,Iraq,33.0,44.0,2020-03-23,58.0,73.0,14.0,33.0,1014.0,0.0,116.0
25,,Oman,21.0,57.0,2020-03-23,70.0,83.0,20.0,22.0,1013.0,0.0,116.0
26,,Afghanistan,33.0,65.0,2020-03-23,41.0,60.0,8.0,70.0,1013.0,0.1,299.0
27,,Bahrain,26.03,50.55,2020-03-23,58.0,67.0,18.0,49.0,1015.0,0.0,113.0
28,,Kuwait,29.5,47.75,2020-03-23,56.0,74.0,16.0,33.0,1015.0,0.0,116.0
29,,Algeria,28.03,1.66,2020-03-23,62.0,89.0,13.0,9.0,1006.0,0.0,113.0
30,,Croatia,45.1,15.2,2020-03-23,26.0,37.0,19.0,38.0,1027.0,0.0,119.0
31,,Switzerland,46.82,8.23,2020-03-23,21.0,34.0,4.0,68.0,1025.0,0.0,113.0
32,,Austria,47.52,14.55,2020-03-23,8.0,30.0,8.0,40.0,1032.0,0.0,323.0
33,,Israel,31.0,35.0,2020-03-23,53.0,72.0,10.0,32.0,1013.0,0.0,176.0
34,,Pakistan,30.38,69.35,2020-03-23,51.0,69.0,10.0,52.0,1013.0,0.0,116.0
35,,Brazil,-14.24,-51.93,2020-03-23,71.0,88.0,2.0,75.0,1013.0,0.1,176.0
36,,Georgia,42.32,43.36,2020-03-23,37.0,61.0,4.0,43.0,1016.0,0.0,116.0
37,,Greece,39.07,21.82,2020-03-23,46.0,51.0,3.0,94.0,1013.0,0.3,308.0
38,,North Macedonia,41.61,21.75,2020-03-23,26.0,33.0,14.0,89.0,1019.0,0.1,338.0
39,,Norway,60.47,8.47,2020-03-23,15.0,31.0,8.0,72.0,1031.0,0.0,122.0
40,,Romania,45.94,24.97,2020-03-23,26.0,38.0,18.0,79.0,1025.0,0.0,230.0
41,,Estonia,58.6,25.01,2020-03-23,25.0,38.0,6.0,40.0,1041.0,0.0,116.0
42,,San Marino,43.94,12.46,2020-03-23,40.0,45.0,23.0,49.0,1027.0,0.0,113.0
43,,Belarus,53.71,27.95,2020-03-23,26.0,35.0,10.0,36.0,1039.0,0.0,116.0
44,,Iceland,64.96,-19.02,2020-03-23,17.0,27.0,32.0,88.0,971.0,0.3,230.0
45,,Lithuania,55.17,23.88,2020-03-23,26.0,37.0,6.0,32.0,1042.0,0.0,113.0
46,,Mexico,23.63,-102.55,2020-03-23,58.0,85.0,3.0,24.0,1019.0,0.0,113.0
47,,New Zealand,-40.9,174.89,2020-03-23,60.0,62.0,17.0,79.0,1004.0,0.0,353.0
48,,Nigeria,9.08,8.68,2020-03-23,83.0,101.0,8.0,54.0,1009.0,0.0,353.0
49,Western Australia,Australia,-31.95,115.86,2020-03-23,72.0,87.0,9.0,35.0,1019.0,0.0,116.0
50,,Ireland,53.14,-7.69,2020-03-23,33.0,52.0,12.0,73.0,1022.0,0.0,119.0
51,,Luxembourg,49.82,6.13,2020-03-23,28.0,43.0,19.0,33.0,1030.0,0.0,113.0
52,,Monaco,43.73,7.42,2020-03-23,48.0,52.0,20.0,70.0,1024.0,0.0,176.0
53,,Qatar,25.35,51.18,2020-03-23,63.0,75.0,19.0,26.0,1015.0,0.0,113.0
54,,Ecuador,-1.83,-78.18,2020-03-23,60.0,71.0,3.0,90.0,1016.0,0.0,353.0
55,,Azerbaijan,40.14,47.58,2020-03-23,44.0,63.0,2.0,51.0,1018.0,0.0,116.0
56,,Armenia,40.07,45.04,2020-03-23,24.0,39.0,2.0,71.0,1016.0,0.0,116.0
57,,Dominican Republic,18.74,-70.16,2020-03-23,56.0,76.0,3.0,88.0,1021.0,0.1,356.0
58,,Indonesia,-0.79,113.92,2020-03-23,73.0,99.0,2.0,46.0,1009.0,0.0,116.0
59,,Portugal,39.4,-8.22,2020-03-23,46.0,66.0,10.0,51.0,1013.0,0.0,116.0
60,,Andorra,42.51,1.52,2020-03-23,32.0,45.0,3.0,87.0,1019.0,0.0,317.0
61,Tasmania,Australia,-41.45,145.97,2020-03-23,48.0,58.0,5.0,57.0,1027.0,0.0,113.0
62,,Latvia,56.88,24.6,2020-03-23,29.0,39.0,1.0,39.0,1042.0,0.0,116.0
63,,Morocco,31.79,-7.09,2020-03-23,43.0,66.0,4.0,50.0,1006.0,0.0,116.0
64,,Saudi Arabia,24.0,45.0,2020-03-23,47.0,74.0,3.0,10.0,1017.0,0.0,113.0
65,,Senegal,14.5,-14.45,2020-03-23,73.0,100.0,5.0,13.0,1012.0,0.0,116.0
66,,Argentina,-38.42,-63.62,2020-03-23,72.0,95.0,22.0,29.0,1010.0,0.0,116.0
67,,Chile,-35.68,-71.54,2020-03-23,48.0,84.0,10.0,28.0,1018.0,0.0,116.0
68,,Jordan,31.24,36.51,2020-03-23,48.0,67.0,4.0,25.0,1014.0,0.0,116.0
69,,Ukraine,48.38,31.17,2020-03-23,29.0,38.0,18.0,40.0,1029.0,0.0,116.0
70,,Hungary,47.16,19.5,2020-03-23,25.0,38.0,22.0,59.0,1027.0,0.0,230.0
71,Northern Territory,Australia,-12.46,130.85,2020-03-23,80.0,88.0,1.0,59.0,1009.0,0.0,176.0
72,,Liechtenstein,47.14,9.55,2020-03-23,25.0,44.0,5.0,48.0,1028.0,0.0,113.0
73,,Poland,51.92,19.15,2020-03-23,26.0,37.0,13.0,34.0,1038.0,0.0,116.0
74,,Tunisia,34.0,9.0,2020-03-23,54.0,67.0,8.0,51.0,1016.0,0.0,116.0
75,,Bosnia and Herzegovina,43.92,17.68,2020-03-23,15.0,29.0,14.0,63.0,1024.0,0.0,338.0
76,,Slovenia,46.15,15.0,2020-03-23,28.0,41.0,15.0,27.0,1029.0,0.0,116.0
77,,South Africa,-30.56,22.94,2020-03-23,62.0,83.0,14.0,37.0,1016.0,0.0,116.0
78,,Bhutan,27.51,90.43,2020-03-23,33.0,51.0,5.0,53.0,1015.0,0.0,353.0
79,,Cameroon,3.85,11.5,2020-03-23,70.0,95.0,2.0,40.0,1010.0,0.0,116.0
80,,Colombia,4.57,-74.3,2020-03-23,51.0,64.0,3.0,68.0,1015.0,0.0,176.0
81,,Costa Rica,9.75,-83.75,2020-03-23,53.0,77.0,7.0,40.0,1014.0,0.0,116.0
82,,Peru,-9.19,-75.02,2020-03-23,73.0,90.0,2.0,67.0,1013.0,0.0,119.0
83,,Serbia,44.02,21.01,2020-03-23,30.0,38.0,11.0,39.0,1024.0,0.0,116.0
84,,Slovakia,48.67,19.7,2020-03-23,16.0,33.0,11.0,49.0,1031.0,0.0,116.0
85,,Togo,8.62,0.82,2020-03-23,75.0,94.0,6.0,44.0,1010.0,0.0,116.0
86,,Malta,35.94,14.38,2020-03-23,55.0,60.0,3.0,72.0,1015.0,0.0,116.0
87,,Martinique,14.64,-61.02,2020-03-23,75.0,81.0,14.0,66.0,1019.0,0.0,116.0
88,,Bulgaria,42.73,25.49,2020-03-23,33.0,37.0,4.0,97.0,1020.0,0.1,320.0
89,,Maldives,3.2,73.22,2020-03-23,82.0,85.0,8.0,67.0,1011.0,0.0,116.0
90,,Bangladesh,23.69,90.36,2020-03-23,69.0,89.0,3.0,37.0,1011.0,0.1,176.0
91,,Paraguay,-23.44,-58.44,2020-03-23,69.0,101.0,8.0,30.0,1013.0,0.0,116.0
92,Ontario,Canada,51.25,-85.32,2020-03-23,27.0,33.0,9.0,95.0,1016.0,0.0,338.0
93,Alberta,Canada,53.93,-116.58,2020-03-23,22.0,29.0,6.0,89.0,1006.0,0.0,332.0
94,Quebec,Canada,52.94,-73.55,2020-03-23,8.0,23.0,21.0,86.0,1020.0,0.0,122.0
95,,Albania,41.15,20.17,2020-03-23,33.0,43.0,5.0,91.0,1016.0,0.1,296.0
96,,Cyprus,35.13,33.43,2020-03-23,44.0,63.0,7.0,49.0,1014.0,0.0,116.0
97,,Brunei,4.54,114.73,2020-03-23,74.0,92.0,3.0,64.0,1010.0,0.1,356.0
98,Washington,US,47.4,-121.49,2020-03-23,28.0,37.0,7.0,83.0,1008.0,0.1,335.0
99,New York,US,42.17,-74.95,2020-03-23,26.0,39.0,18.0,74.0,1029.0,0.0,122.0
100,California,US,36.12,-119.68,2020-03-23,51.0,67.0,2.0,61.0,1019.0,0.0,116.0
101,Massachusetts,US,42.23,-71.53,2020-03-23,29.0,42.0,9.0,47.0,1035.0,0.0,119.0
102,Diamond Princess,US,35.44,139.64,2020-03-23,37.0,53.0,12.0,59.0,1010.0,0.0,266.0
103,Grand Princess,US,37.65,-122.67,2020-03-23,37.0,52.0,11.0,81.0,1020.0,0.0,119.0
104,Georgia,US,33.04,-83.64,2020-03-23,55.0,68.0,5.0,92.0,1023.0,0.0,266.0
105,Colorado,US,39.06,-105.31,2020-03-23,26.0,42.0,8.0,48.0,1012.0,0.0,116.0
106,Florida,US,27.77,-81.69,2020-03-23,67.0,84.0,8.0,55.0,1023.0,0.0,122.0
107,New Jersey,US,40.3,-74.52,2020-03-23,30.0,43.0,13.0,92.0,1028.0,0.1,302.0
108,Oregon,US,44.57,-122.07,2020-03-23,31.0,37.0,5.0,98.0,1012.0,0.1,320.0
109,Texas,US,31.05,-97.56,2020-03-23,61.0,74.0,9.0,86.0,1018.0,0.0,119.0
110,Illinois,US,40.35,-88.99,2020-03-23,33.0,41.0,4.0,94.0,1024.0,0.0,248.0
111,Pennsylvania,US,40.59,-77.21,2020-03-23,32.0,42.0,12.0,95.0,1025.0,0.1,302.0
112,Iowa,US,42.01,-93.21,2020-03-23,34.0,46.0,6.0,86.0,1023.0,0.0,122.0
113,Maryland,US,39.06,-76.8,2020-03-23,41.0,47.0,11.0,96.0,1024.0,0.3,308.0
114,North Carolina,US,35.63,-79.81,2020-03-23,44.0,52.0,4.0,97.0,1024.0,0.2,308.0
115,South Carolina,US,33.86,-80.95,2020-03-23,51.0,67.0,4.0,87.0,1024.0,0.0,122.0
116,Tennessee,US,35.75,-86.69,2020-03-23,49.0,60.0,6.0,89.0,1021.0,0.0,176.0
117,Virginia,US,37.77,-78.17,2020-03-23,40.0,53.0,3.0,96.0,1023.0,0.0,296.0
118,Arizona,US,33.73,-111.43,2020-03-23,59.0,71.0,9.0,36.0,1017.0,0.0,116.0
119,Indiana,US,39.85,-86.26,2020-03-23,37.0,47.0,6.0,76.0,1023.0,0.0,119.0
120,Kentucky,US,37.67,-84.67,2020-03-23,46.0,55.0,7.0,89.0,1020.0,0.0,266.0
121,District of Columbia,US,38.9,-77.03,2020-03-23,42.0,50.0,8.0,93.0,1024.0,0.2,308.0
122,Nevada,US,38.31,-117.06,2020-03-23,36.0,51.0,3.0,75.0,1013.0,0.1,176.0
123,New Hampshire,US,43.45,-71.56,2020-03-23,23.0,40.0,11.0,44.0,1035.0,0.0,122.0
124,Minnesota,US,45.69,-93.9,2020-03-23,30.0,42.0,3.0,72.0,1021.0,0.0,116.0
125,Nebraska,US,41.13,-98.27,2020-03-23,36.0,63.0,5.0,65.0,1018.0,0.0,116.0
126,Ohio,US,40.39,-82.76,2020-03-23,40.0,46.0,8.0,87.0,1020.0,0.0,119.0
127,Rhode Island,US,41.68,-71.51,2020-03-23,26.0,40.0,11.0,57.0,1035.0,0.0,122.0
128,Wisconsin,US,44.27,-89.62,2020-03-23,28.0,41.0,7.0,82.0,1022.0,0.0,122.0
129,Connecticut,US,41.6,-72.76,2020-03-23,33.0,40.0,10.0,63.0,1033.0,0.0,122.0
130,Hawaii,US,21.09,-157.5,2020-03-23,68.0,73.0,26.0,71.0,1022.0,0.0,176.0
131,Oklahoma,US,35.57,-96.93,2020-03-23,49.0,69.0,11.0,73.0,1019.0,0.0,116.0
132,Utah,US,40.15,-111.86,2020-03-23,39.0,50.0,3.0,44.0,1011.0,0.0,176.0
133,,Burkina Faso,12.24,-1.56,2020-03-23,83.0,107.0,3.0,18.0,1008.0,0.0,116.0
134,,Holy See,41.9,12.45,2020-03-23,44.0,60.0,7.0,40.0,1020.0,0.0,116.0
135,,Mongolia,46.86,103.85,2020-03-23,28.0,54.0,3.0,37.0,1009.0,0.0,122.0
136,,Panama,8.54,-80.78,2020-03-23,73.0,92.0,16.0,46.0,1014.0,0.0,116.0
137,Kansas,US,38.53,-96.73,2020-03-23,40.0,63.0,7.0,69.0,1019.0,0.0,116.0
138,Louisiana,US,31.17,-91.87,2020-03-23,64.0,81.0,8.0,78.0,1020.0,0.0,116.0
139,Missouri,US,38.46,-92.29,2020-03-23,36.0,56.0,5.0,76.0,1022.0,0.0,119.0
140,Vermont,US,44.05,-72.71,2020-03-23,24.0,37.0,13.0,39.0,1032.0,0.0,119.0
141,Alaska,US,61.37,-152.4,2020-03-23,10.0,23.0,2.0,84.0,1035.0,0.0,116.0
142,Arkansas,US,34.97,-92.37,2020-03-23,45.0,65.0,5.0,72.0,1021.0,0.0,116.0
143,Delaware,US,39.32,-75.51,2020-03-23,40.0,47.0,17.0,93.0,1025.0,0.2,308.0
144,Idaho,US,44.24,-114.48,2020-03-23,8.0,34.0,9.0,92.0,1010.0,0.0,116.0
145,Maine,US,44.69,-69.38,2020-03-23,18.0,37.0,9.0,45.0,1037.0,0.0,116.0
146,Michigan,US,43.33,-84.54,2020-03-23,29.0,42.0,4.0,85.0,1022.0,0.0,122.0
147,Mississippi,US,32.74,-89.68,2020-03-23,63.0,71.0,6.0,96.0,1020.0,0.0,353.0
148,Montana,US,46.92,-110.45,2020-03-23,22.0,40.0,10.0,49.0,1006.0,0.0,116.0
149,New Mexico,US,34.84,-106.25,2020-03-23,42.0,63.0,21.0,33.0,1014.0,0.0,116.0
150,North Dakota,US,47.53,-99.78,2020-03-23,22.0,38.0,9.0,88.0,1017.0,0.0,116.0
151,South Dakota,US,44.3,-99.44,2020-03-23,30.0,52.0,9.0,51.0,1018.0,0.0,116.0
152,West Virginia,US,38.49,-80.95,2020-03-23,43.0,49.0,9.0,90.0,1021.0,0.2,308.0
153,Wyoming,US,42.76,-107.3,2020-03-23,26.0,45.0,17.0,49.0,1011.0,0.0,116.0
154,Hubei,China,30.98,112.27,2020-03-23,58.0,72.0,7.0,57.0,1018.0,0.0,116.0
155,,Iran,32.0,53.0,2020-03-23,27.0,44.0,16.0,37.0,1008.0,0.0,176.0
156,,"Korea, South",36.0,128.0,2020-03-23,37.0,61.0,12.0,27.0,1018.0,0.0,116.0
157,France,France,46.23,2.21,2020-03-23,41.0,62.0,2.0,53.0,1020.0,0.0,116.0
158,Guangdong,China,23.34,113.42,2020-03-23,75.0,92.0,3.0,52.0,1015.0,0.0,116.0
159,Henan,China,33.88,113.61,2020-03-23,53.0,74.0,8.0,34.0,1019.0,0.0,116.0
160,Zhejiang,China,29.18,120.09,2020-03-23,50.0,60.0,6.0,70.0,1020.0,0.0,116.0
161,Hunan,China,27.61,111.71,2020-03-23,59.0,72.0,2.0,71.0,1017.0,0.0,119.0
162,Anhui,China,31.83,117.23,2020-03-23,52.0,67.0,12.0,38.0,1020.0,0.0,116.0
163,Jiangxi,China,27.61,115.72,2020-03-23,65.0,70.0,5.0,87.0,1016.0,0.0,353.0
164,Shandong,China,36.34,118.15,2020-03-23,51.0,72.0,3.0,19.0,1021.0,0.0,113.0
165,Diamond Princess,Cruise Ship,35.44,139.64,2020-03-23,37.0,53.0,12.0,59.0,1010.0,0.0,266.0
166,Jiangsu,China,32.97,119.46,2020-03-23,47.0,65.0,9.0,44.0,1022.0,0.0,116.0
167,Chongqing,China,30.06,107.87,2020-03-23,60.0,77.0,3.0,64.0,1015.0,0.0,176.0
168,Sichuan,China,30.62,102.71,2020-03-23,28.0,50.0,2.0,42.0,1016.0,0.0,116.0
169,Heilongjiang,China,47.86,127.76,2020-03-23,26.0,37.0,12.0,45.0,1020.0,0.0,113.0
170,Denmark,Denmark,56.26,9.5,2020-03-23,31.0,44.0,11.0,41.0,1038.0,0.0,116.0
171,Beijing,China,40.18,116.41,2020-03-23,52.0,72.0,5.0,15.0,1020.0,0.0,113.0
172,Shanghai,China,31.2,121.45,2020-03-23,54.0,66.0,9.0,25.0,1022.0,0.0,116.0
173,Hebei,China,39.55,116.13,2020-03-23,51.0,73.0,8.0,14.0,1020.0,0.0,116.0
174,Fujian,China,26.08,117.99,2020-03-23,53.0,68.0,3.0,87.0,1016.0,0.1,356.0
175,Guangxi,China,23.83,108.79,2020-03-23,73.0,83.0,5.0,71.0,1014.0,0.1,353.0
176,Shaanxi,China,35.19,108.87,2020-03-23,48.0,66.0,9.0,41.0,1015.0,0.0,116.0
177,Yunnan,China,24.97,101.49,2020-03-23,47.0,73.0,11.0,28.0,1013.0,0.0,116.0
178,Hainan,China,19.2,109.75,2020-03-23,68.0,92.0,3.0,44.0,1014.0,0.0,116.0
179,Guizhou,China,26.82,106.87,2020-03-23,57.0,73.0,4.0,74.0,1014.0,0.0,353.0
180,Tianjin,China,39.31,117.32,2020-03-23,50.0,62.0,16.0,24.0,1021.0,0.0,113.0
181,Shanxi,China,37.58,112.29,2020-03-23,54.0,69.0,3.0,18.0,1018.0,0.0,116.0
182,Gansu,China,37.81,101.06,2020-03-23,19.0,32.0,6.0,52.0,1017.0,0.0,116.0
183,Hong Kong,China,22.3,114.2,2020-03-23,71.0,80.0,6.0,74.0,1015.0,0.0,116.0
184,Liaoning,China,41.3,122.61,2020-03-23,40.0,56.0,11.0,33.0,1021.0,0.0,116.0
185,Jilin,China,43.67,126.19,2020-03-23,32.0,44.0,14.0,39.0,1020.0,0.0,116.0
186,,Czechia,49.82,15.47,2020-03-23,27.0,38.0,14.0,32.0,1037.0,0.0,116.0
187,Xinjiang,China,41.11,85.24,2020-03-23,51.0,68.0,7.0,26.0,1018.0,0.0,116.0
188,Inner Mongolia,China,44.09,113.94,2020-03-23,29.0,55.0,12.0,22.0,1016.0,0.0,116.0
189,Ningxia,China,37.27,106.17,2020-03-23,47.0,58.0,8.0,43.0,1015.0,0.0,116.0
190,,Taiwan*,23.7,121.0,2020-03-23,65.0,80.0,7.0,55.0,1016.0,0.0,176.0
191,,Vietnam,16.0,108.0,2020-03-23,70.0,82.0,10.0,74.0,1012.0,0.0,116.0
192,,Russia,60.0,90.0,2020-03-23,1.0,9.0,9.0,90.0,1020.0,0.0,332.0
193,Qinghai,China,35.75,96.0,2020-03-23,30.0,50.0,4.0,16.0,1018.0,0.0,113.0
194,Macau,China,22.17,113.55,2020-03-23,72.0,78.0,7.0,75.0,1015.0,0.0,116.0
195,,Moldova,47.41,28.37,2020-03-23,33.0,41.0,14.0,51.0,1029.0,0.0,122.0
196,,Bolivia,-16.29,-63.59,2020-03-23,71.0,93.0,3.0,46.0,1012.0,0.0,119.0
197,Faroe Islands,Denmark,61.89,-6.91,2020-03-23,42.0,46.0,33.0,72.0,998.0,0.0,263.0
198,St Martin,France,18.07,-63.05,2020-03-23,66.0,77.0,22.0,77.0,1021.0,0.0,122.0
199,,Honduras,15.2,-86.24,2020-03-23,60.0,90.0,6.0,30.0,1018.0,0.0,116.0
200,Channel Islands,United Kingdom,49.37,-2.36,2020-03-23,35.0,48.0,18.0,68.0,1023.0,0.0,116.0
201,New Brunswick,Canada,46.57,-66.46,2020-03-23,12.0,33.0,7.0,41.0,1039.0,0.0,122.0
202,Tibet,China,31.69,88.09,2020-03-23,21.0,33.0,11.0,27.0,1013.0,0.0,122.0
203,,Congo (Kinshasa),-4.04,21.76,2020-03-23,69.0,90.0,4.0,55.0,1010.0,0.0,116.0
204,,Cote d'Ivoire,7.54,-5.55,2020-03-23,72.0,87.0,5.0,54.0,1011.0,0.0,353.0
205,Saint Barthelemy,France,17.9,-62.83,2020-03-23,66.0,77.0,22.0,78.0,1021.0,0.0,176.0
206,,Jamaica,18.11,-77.3,2020-03-23,68.0,85.0,7.0,46.0,1019.0,0.0,113.0
207,,Turkey,38.96,35.24,2020-03-23,33.0,54.0,4.0,37.0,1013.0,0.0,116.0
208,Gibraltar,United Kingdom,36.14,-5.35,2020-03-23,49.0,55.0,15.0,82.0,1011.0,0.0,353.0
209,"Kitsap, WA",US,47.65,-122.64,2020-03-23,38.0,52.0,8.0,60.0,1009.0,0.0,176.0
210,"Solano, CA",US,38.31,-121.9,2020-03-23,46.0,62.0,10.0,65.0,1019.0,0.0,116.0
211,"Santa Cruz, CA",US,37.05,-121.96,2020-03-23,49.0,60.0,7.0,63.0,1021.0,0.0,176.0
212,"Napa, CA",US,38.5,-122.27,2020-03-23,42.0,62.0,7.0,67.0,1019.0,0.0,116.0
213,"Ventura, CA",US,34.37,-119.14,2020-03-23,47.0,54.0,6.0,67.0,1020.0,0.0,116.0
214,"Worcester, MA",US,42.41,-71.86,2020-03-23,25.0,38.0,10.0,47.0,1035.0,0.0,116.0
215,"Gwinnett, GA",US,33.92,-84.02,2020-03-23,51.0,63.0,10.0,96.0,1022.0,0.4,308.0
216,"DeKalb, GA",US,33.8,-84.23,2020-03-23,53.0,63.0,7.0,96.0,1022.0,0.1,122.0
217,"Floyd, GA",US,37.55,-82.78,2020-03-23,46.0,55.0,5.0,93.0,1020.0,0.2,302.0
218,"Fayette, GA",US,33.45,-84.48,2020-03-23,53.0,65.0,6.0,96.0,1022.0,0.2,308.0
219,"Gregg, TX",US,32.49,-94.85,2020-03-23,59.0,78.0,4.0,87.0,1019.0,0.0,122.0
220,"Monmouth, NJ",US,40.26,-74.12,2020-03-23,39.0,45.0,19.0,89.0,1029.0,0.0,122.0
221,"Burlington, NJ",US,40.07,-74.86,2020-03-23,38.0,44.0,12.0,90.0,1027.0,0.2,308.0
222,"Camden, NJ",US,39.93,-75.12,2020-03-23,30.0,45.0,12.0,88.0,1027.0,0.1,302.0
223,"Passaic, NJ",US,40.86,-74.13,2020-03-23,36.0,40.0,12.0,88.0,1030.0,0.1,302.0
224,"Union, NJ",US,40.7,-74.26,2020-03-23,38.0,41.0,13.0,90.0,1030.0,0.1,302.0
225,"Eagle, CO",US,39.66,-106.83,2020-03-23,11.0,42.0,2.0,70.0,1013.0,0.0,323.0
226,"Larimer, CO",US,40.7,-105.59,2020-03-23,22.0,39.0,10.0,48.0,1012.0,0.0,116.0
227,"Arapahoe, CO",US,39.62,-104.33,2020-03-23,34.0,55.0,11.0,39.0,1012.0,0.0,116.0
228,"Gunnison, CO",US,38.55,-106.93,2020-03-23,19.0,38.0,2.0,53.0,1013.0,0.0,116.0
229,"Kane, IL",US,41.99,-88.4,2020-03-23,26.0,40.0,3.0,87.0,1023.0,0.0,122.0
230,"Monroe, PA",US,41.05,-75.25,2020-03-23,30.0,38.0,11.0,97.0,1028.0,0.1,302.0
231,"Philadelphia, PA",US,39.95,-75.17,2020-03-23,30.0,45.0,12.0,88.0,1027.0,0.1,302.0
232,"Norfolk, VA",US,36.85,-76.29,2020-03-23,49.0,60.0,10.0,95.0,1021.0,0.1,122.0
233,"Arlington, VA",US,38.88,-77.09,2020-03-23,42.0,50.0,8.0,93.0,1024.0,0.2,308.0
234,"Spotsylvania, VA",US,38.2,-77.61,2020-03-23,41.0,50.0,4.0,97.0,1023.0,0.1,302.0
235,"Loudoun, VA",US,39.08,-77.65,2020-03-23,40.0,47.0,9.0,95.0,1024.0,0.1,302.0
236,"Prince George's, MD",US,38.78,-76.87,2020-03-23,42.0,48.0,9.0,95.0,1024.0,0.2,302.0
237,"Pottawattamie, IA",US,41.39,-95.48,2020-03-23,35.0,49.0,7.0,77.0,1021.0,0.0,119.0
238,"Camden, NC",US,34.25,-80.61,2020-03-23,49.0,60.0,1.0,83.0,1024.0,0.0,176.0
239,"Pima, AZ",US,32.06,-111.67,2020-03-23,56.0,69.0,10.0,31.0,1019.0,0.0,113.0
240,"Noble, IN",US,41.43,-85.36,2020-03-23,32.0,39.0,8.0,97.0,1023.0,0.0,317.0
241,"Adams, IN",US,39.85,-77.29,2020-03-23,37.0,44.0,9.0,96.0,1025.0,0.1,296.0
242,"Boone, IN",US,40.01,-86.5,2020-03-23,35.0,43.0,7.0,91.0,1023.0,0.0,122.0
243,"Dane, WI",US,43.02,-89.55,2020-03-23,27.0,45.0,6.0,73.0,1023.0,0.0,122.0
244,"Pierce, WI",US,44.75,-92.38,2020-03-23,31.0,45.0,6.0,84.0,1021.0,0.0,248.0
245,"Cuyahoga, OH",US,41.43,-81.68,2020-03-23,30.0,41.0,10.0,95.0,1020.0,0.0,122.0
246,"Weber, UT",US,41.26,-111.95,2020-03-23,38.0,48.0,9.0,47.0,1011.0,0.0,353.0
247,"Bennington County, VT",US,43.03,-73.14,2020-03-23,22.0,31.0,11.0,68.0,1033.0,0.0,338.0
248,"Carver County, MN",US,44.83,-93.78,2020-03-23,35.0,49.0,4.0,63.0,1021.0,0.0,119.0
249,"Charlotte County, FL",US,26.89,-81.91,2020-03-23,68.0,83.0,7.0,54.0,1024.0,0.0,122.0
250,"Cherokee County, GA",US,34.25,-84.48,2020-03-23,52.0,60.0,5.0,99.0,1022.0,0.9,308.0
251,"Collin County, TX",US,33.18,-96.49,2020-03-23,55.0,71.0,8.0,89.0,1019.0,0.0,143.0
252,"Jefferson County, KY",US,38.19,-85.64,2020-03-23,46.0,58.0,6.0,67.0,1021.0,0.0,116.0
253,"Jefferson Parish, LA",US,29.65,-90.11,2020-03-23,69.0,85.0,11.0,58.0,1022.0,0.0,176.0
254,"Shasta County, CA",US,40.79,-121.85,2020-03-23,28.0,44.0,8.0,94.0,1014.0,0.0,353.0
255,"Spartanburg County, SC",US,34.86,-81.95,2020-03-23,41.0,53.0,4.0,96.0,1023.0,0.2,302.0
256,"Harrison County, KY",US,38.43,-84.35,2020-03-23,42.0,53.0,6.0,91.0,1021.0,0.0,266.0
257,"Johnson County, IA",US,41.67,-91.6,2020-03-23,32.0,46.0,4.0,82.0,1024.0,0.0,116.0
258,"Berkshire County, MA",US,42.31,-73.18,2020-03-23,25.0,36.0,13.0,67.0,1033.0,0.0,122.0
259,"Davidson County, TN",US,36.13,-86.82,2020-03-23,53.0,63.0,6.0,73.0,1021.0,0.0,122.0
260,"Douglas County, OR",US,43.13,-123.25,2020-03-23,33.0,50.0,6.0,69.0,1015.0,0.0,176.0
261,"Fresno County, CA",US,36.99,-119.23,2020-03-23,24.0,34.0,3.0,98.0,1017.0,0.1,371.0
262,"Harford County, MD",US,39.58,-76.36,2020-03-23,38.0,44.0,11.0,95.0,1025.0,0.2,308.0
263,"Hendricks County, IN",US,39.81,-86.54,2020-03-23,35.0,44.0,8.0,84.0,1023.0,0.0,122.0
264,"Hudson County, NJ",US,40.75,-74.05,2020-03-23,28.0,42.0,14.0,87.0,1030.0,0.1,302.0
265,"Johnson County, KS",US,38.85,-94.85,2020-03-23,39.0,62.0,6.0,74.0,1021.0,0.0,122.0
266,"Kittitas County, WA",US,47.18,-120.93,2020-03-23,24.0,42.0,7.0,62.0,1008.0,0.0,176.0
267,"Manatee County, FL",US,27.48,-82.35,2020-03-23,71.0,79.0,8.0,63.0,1024.0,0.0,116.0
268,"Marion County, OR",US,44.84,-122.59,2020-03-23,25.0,40.0,6.0,98.0,1012.0,0.1,320.0
269,"Okaloosa County, FL",US,30.58,-86.66,2020-03-23,69.0,77.0,11.0,74.0,1023.0,0.0,116.0
270,"Polk County, GA",US,34.01,-85.15,2020-03-23,53.0,65.0,8.0,96.0,1021.0,0.7,308.0
271,"Riverside County, CA",US,33.95,-117.4,2020-03-23,54.0,61.0,9.0,53.0,1019.0,0.0,176.0
272,"Shelby County, TN",US,35.13,-89.93,2020-03-23,49.0,63.0,7.0,77.0,1022.0,0.0,116.0
273,"St. Louis County, MO",US,38.61,-90.41,2020-03-23,37.0,57.0,3.0,64.0,1023.0,0.0,116.0
274,"Suffolk County, NY",US,40.98,-72.62,2020-03-23,28.0,42.0,21.0,81.0,1032.0,0.0,122.0
275,"Ulster County, NY",US,41.86,-74.31,2020-03-23,29.0,36.0,8.0,91.0,1030.0,0.0,122.0
276,"Volusia County, FL",US,29.03,-81.08,2020-03-23,69.0,81.0,8.0,64.0,1023.0,0.0,116.0
277,"Fairfax County, VA",US,38.91,-77.24,2020-03-23,42.0,49.0,7.0,93.0,1024.0,0.1,296.0
278,"Rockingham County, NH",US,42.99,-71.05,2020-03-23,28.0,39.0,11.0,50.0,1035.0,0.0,119.0
279,"Washington, D.C.",US,38.91,-77.04,2020-03-23,42.0,50.0,8.0,93.0,1024.0,0.2,308.0
280,"Montgomery County, PA",US,40.23,-75.39,2020-03-23,37.0,42.0,13.0,89.0,1027.0,0.1,302.0
281,"Alameda County, CA",US,37.6,-121.72,2020-03-23,47.0,59.0,9.0,73.0,1020.0,0.0,353.0
282,"Broward County, FL",US,26.19,-80.37,2020-03-23,75.0,84.0,10.0,54.0,1024.0,0.0,176.0
283,"Lee County, FL",US,26.66,-81.95,2020-03-23,72.0,80.0,8.0,61.0,1024.0,0.0,116.0
284,"Pinal County, AZ",US,32.82,-111.28,2020-03-23,58.0,71.0,9.0,38.0,1018.0,0.0,116.0
285,"Rockland County, NY",US,41.15,-73.98,2020-03-23,24.0,38.0,12.0,84.0,1031.0,0.0,122.0
286,"Saratoga County, NY",US,43.03,-73.94,2020-03-23,29.0,38.0,11.0,72.0,1031.0,0.0,122.0
287,"Charleston County, SC",US,32.8,-79.78,2020-03-23,57.0,66.0,6.0,88.0,1023.0,0.0,119.0
288,"Clark County, WA",US,45.75,-122.52,2020-03-23,40.0,46.0,5.0,92.0,1012.0,0.1,296.0
289,"Cobb County, GA",US,33.9,-84.56,2020-03-23,55.0,63.0,8.0,95.0,1022.0,0.6,308.0
290,"Davis County, UT",US,40.96,-112.1,2020-03-23,35.0,46.0,9.0,46.0,1011.0,0.0,176.0
291,"El Paso County, CO",US,38.91,-104.47,2020-03-23,29.0,47.0,16.0,48.0,1012.0,0.0,116.0
292,"Honolulu County, HI",US,21.31,-157.86,2020-03-23,65.0,74.0,23.0,68.0,1022.0,0.0,116.0
293,"Jackson County, OR ",US,42.33,-122.76,2020-03-23,31.0,50.0,6.0,64.0,1014.0,0.0,116.0
294,"Jefferson County, WA",US,47.74,-123.3,2020-03-23,24.0,33.0,5.0,85.0,1009.0,0.1,371.0
295,"Kershaw County, SC",US,34.37,-80.59,2020-03-23,49.0,60.0,1.0,83.0,1024.0,0.0,176.0
296,"Klamath County, OR",US,42.7,-121.61,2020-03-23,31.0,45.0,14.0,52.0,1013.0,0.0,116.0
297,"Madera County, CA",US,37.25,-119.7,2020-03-23,36.0,52.0,2.0,90.0,1018.0,0.0,353.0
298,"Pierce County, WA",US,47.07,-122.13,2020-03-23,40.0,46.0,8.0,86.0,1010.0,0.0,353.0
299,"Tulsa County, OK",US,36.16,-95.94,2020-03-23,49.0,67.0,7.0,74.0,1020.0,0.0,116.0
300,"Douglas County, CO",US,39.26,-104.94,2020-03-23,28.0,44.0,7.0,47.0,1012.0,0.0,116.0
301,"Providence County, RI",US,41.89,-71.48,2020-03-23,30.0,40.0,10.0,52.0,1035.0,0.0,122.0
302,"Chatham County, NC",US,35.72,-79.18,2020-03-23,45.0,54.0,5.0,92.0,1024.0,0.1,302.0
303,"Delaware County, PA",US,39.91,-75.39,2020-03-23,31.0,44.0,13.0,89.0,1027.0,0.0,122.0
304,"Douglas County, NE",US,41.31,-96.2,2020-03-23,37.0,51.0,7.0,84.0,1020.0,0.0,119.0
305,"Fayette County, KY",US,38.06,-84.48,2020-03-23,46.0,53.0,7.0,88.0,1020.0,0.0,266.0
306,"Marion County, IN",US,39.84,-86.18,2020-03-23,36.0,46.0,6.0,78.0,1023.0,0.0,122.0
307,"Middlesex County, MA",US,42.47,-71.29,2020-03-23,30.0,43.0,9.0,45.0,1035.0,0.0,116.0
308,"Nassau County, NY",US,40.65,-73.56,2020-03-23,29.0,44.0,18.0,85.0,1030.0,0.0,296.0
309,"Ramsey County, MN",US,45.0,-93.06,2020-03-23,34.0,50.0,5.0,59.0,1021.0,0.0,122.0
310,"Washoe County, NV",US,40.56,-119.6,2020-03-23,22.0,37.0,8.0,95.0,1014.0,0.0,176.0
311,"Wayne County, PA",US,41.67,-75.25,2020-03-23,29.0,36.0,15.0,90.0,1029.0,0.0,122.0
312,"Yolo County, CA",US,38.76,-121.9,2020-03-23,45.0,64.0,9.0,64.0,1019.0,0.0,116.0
313,"Santa Clara County, CA",US,37.35,-121.96,2020-03-23,47.0,64.0,5.0,61.0,1020.0,0.0,353.0
314,"Clark County, NV",US,36.08,-115.09,2020-03-23,53.0,63.0,19.0,37.0,1015.0,0.0,116.0
315,"Fort Bend County, TX",US,29.57,-95.81,2020-03-23,67.0,80.0,11.0,76.0,1019.0,0.0,116.0
316,"Grant County, WA",US,47.2,-119.37,2020-03-23,42.0,55.0,11.0,38.0,1007.0,0.0,116.0
317,"Santa Rosa County, FL",US,30.77,-86.98,2020-03-23,65.0,82.0,10.0,63.0,1022.0,0.0,116.0
318,"Williamson County, TN",US,35.92,-86.86,2020-03-23,51.0,63.0,6.0,82.0,1021.0,0.0,122.0
319,"New York County, NY",US,40.71,-74.01,2020-03-23,28.0,42.0,14.0,87.0,1030.0,0.1,302.0
320,"Montgomery County, MD",US,39.15,-77.24,2020-03-23,40.0,47.0,10.0,94.0,1024.0,0.1,302.0
321,"Suffolk County, MA",US,42.36,-71.06,2020-03-23,32.0,41.0,11.0,51.0,1036.0,0.0,116.0
322,"Denver County, CO",US,39.74,-104.99,2020-03-23,37.0,54.0,3.0,28.0,1012.0,0.0,116.0
323,"Summit County, CO",US,39.59,-106.06,2020-03-23,5.0,33.0,6.0,67.0,1013.0,0.0,179.0
324,"Bergen County, NJ",US,40.93,-74.08,2020-03-23,28.0,41.0,12.0,86.0,1030.0,0.0,122.0
325,"Harris County, TX",US,29.78,-95.31,2020-03-23,69.0,83.0,9.0,66.0,1019.0,0.0,176.0
326,"San Francisco County, CA",US,37.77,-122.42,2020-03-23,44.0,54.0,11.0,75.0,1020.0,0.0,116.0
327,"Contra Costa County, CA",US,37.85,-121.9,2020-03-23,47.0,57.0,9.0,72.0,1020.0,0.0,119.0
328,"Orange County, CA",US,33.79,-117.85,2020-03-23,52.0,63.0,10.0,54.0,1020.0,0.0,116.0
329,"Norfolk County, MA",US,42.18,-71.14,2020-03-23,30.0,42.0,9.0,48.0,1035.0,0.0,116.0
330,"Maricopa County, AZ",US,33.29,-112.43,2020-03-23,62.0,72.0,10.0,39.0,1018.0,0.0,116.0
331,"Wake County, NC",US,35.8,-78.57,2020-03-23,43.0,56.0,4.0,84.0,1024.0,0.0,302.0
332,"Westchester County, NY",US,41.12,-73.79,2020-03-23,26.0,38.0,12.0,83.0,1031.0,0.0,122.0
333,"Grafton County, NH",US,43.91,-71.83,2020-03-23,17.0,34.0,11.0,51.0,1034.0,0.0,122.0
334,"Hillsborough, FL",US,27.99,-82.3,2020-03-23,69.0,84.0,7.0,55.0,1023.0,0.0,116.0
335,"Placer County, CA",US,39.09,-120.8,2020-03-23,37.0,49.0,6.0,86.0,1017.0,0.0,353.0
336,"San Mateo, CA",US,37.56,-122.33,2020-03-23,51.0,55.0,8.0,78.0,1020.0,0.0,116.0
337,"Sonoma County, CA",US,38.58,-122.99,2020-03-23,41.0,58.0,6.0,62.0,1020.0,0.0,116.0
338,"Umatilla, OR",US,45.78,-118.76,2020-03-23,41.0,55.0,17.0,47.0,1008.0,0.0,116.0
339,"Fulton County, GA",US,33.8,-84.4,2020-03-23,53.0,63.0,7.0,96.0,1022.0,0.1,122.0
340,"Washington County, OR",US,45.55,-123.14,2020-03-23,35.0,48.0,6.0,84.0,1013.0,0.1,353.0
341,"Snohomish County, WA",US,48.03,-121.83,2020-03-23,38.0,43.0,4.0,92.0,1008.0,0.1,353.0
342,"Humboldt County, CA",US,40.75,-123.87,2020-03-23,45.0,50.0,5.0,71.0,1018.0,0.0,176.0
343,"Sacramento County, CA",US,38.47,-121.35,2020-03-23,48.0,62.0,11.0,75.0,1018.0,0.0,176.0
344,"San Diego County, CA",US,32.72,-117.16,2020-03-23,51.0,63.0,11.0,60.0,1021.0,0.0,113.0
345,"San Benito, CA",US,36.58,-120.99,2020-03-23,42.0,62.0,2.0,70.0,1021.0,0.0,353.0
346,"Los Angeles, CA",US,34.05,-118.24,2020-03-23,55.0,64.0,8.0,49.0,1020.0,0.0,116.0
347,"King County, WA",US,47.61,-122.33,2020-03-23,42.0,52.0,11.0,56.0,1009.0,0.0,176.0
348,"Cook County, IL",US,41.74,-87.7,2020-03-23,34.0,49.0,3.0,68.0,1023.0,0.0,122.0
349,"Skagit, WA",US,48.42,-121.71,2020-03-23,24.0,36.0,5.0,88.0,1007.0,0.2,371.0
350,"Thurston, WA",US,46.86,-122.77,2020-03-23,39.0,48.0,8.0,78.0,1010.0,0.1,353.0
351,"Island, WA",US,48.2,-122.58,2020-03-23,42.0,46.0,8.0,83.0,1008.0,0.0,353.0
352,"Whatcom, WA",US,48.88,-121.97,2020-03-23,34.0,39.0,4.0,95.0,1007.0,0.4,335.0
353,"Marin, CA",US,38.08,-122.76,2020-03-23,47.0,52.0,13.0,79.0,1020.0,0.0,116.0
354,"Calaveras, CA",US,38.2,-120.68,2020-03-23,36.0,60.0,6.0,82.0,1018.0,0.0,176.0
355,"Stanislaus, CA",US,37.51,-120.99,2020-03-23,51.0,63.0,11.0,79.0,1019.0,0.1,353.0
356,"San Joaquin, CA",US,36.61,-120.19,2020-03-23,52.0,65.0,7.0,69.0,1019.0,0.0,176.0
357,"Essex, MA",US,42.63,-70.78,2020-03-23,32.0,38.0,16.0,64.0,1036.0,0.0,119.0
358,"Charlton, GA",US,30.79,-82.08,2020-03-23,65.0,86.0,4.0,58.0,1023.0,0.0,116.0
359,"Collier, FL",US,26.07,-81.43,2020-03-23,71.0,79.0,8.0,61.0,1024.0,0.0,116.0
360,"Pinellas, FL",US,27.88,-82.78,2020-03-23,68.0,78.0,6.0,71.0,1024.0,0.0,116.0
361,"Alachua, FL",US,29.79,-82.49,2020-03-23,66.0,85.0,5.0,54.0,1023.0,0.0,116.0
362,"Nassau, FL",US,30.59,-81.82,2020-03-23,65.0,86.0,4.0,58.0,1023.0,0.0,116.0
363,"Pasco, FL",US,28.32,-82.43,2020-03-23,67.0,85.0,7.0,53.0,1023.0,0.0,116.0
364,"Dallas, TX",US,32.78,-96.8,2020-03-23,59.0,74.0,5.0,80.0,1018.0,0.0,122.0
365,"Tarrant, TX",US,32.77,-97.35,2020-03-23,58.0,73.0,7.0,82.0,1018.0,0.0,122.0
366,"Montgomery, TX",US,30.39,-95.7,2020-03-23,66.0,82.0,8.0,77.0,1019.0,0.0,122.0
367,"Middlesex, NJ",US,40.57,-74.49,2020-03-23,26.0,41.0,13.0,92.0,1029.0,0.1,302.0
368,"Jefferson, CO",US,39.58,-105.27,2020-03-23,29.0,55.0,1.0,37.0,1012.0,0.0,116.0
369,"Multnomah, OR",US,45.51,-122.59,2020-03-23,43.0,49.0,9.0,75.0,1012.0,0.1,296.0
370,"Polk, OR",US,44.93,-123.49,2020-03-23,34.0,48.0,8.0,86.0,1013.0,0.1,296.0
371,"Deschutes, OR",US,43.83,-121.26,2020-03-23,29.0,37.0,22.0,44.0,1011.0,0.0,116.0
372,"McHenry, IL",US,42.33,-88.27,2020-03-23,26.0,43.0,3.0,82.0,1023.0,0.0,122.0
373,"Lake, IL",US,42.37,-87.83,2020-03-23,31.0,42.0,3.0,81.0,1023.0,0.0,122.0
374,"Bucks, PA",US,40.41,-75.25,2020-03-23,36.0,42.0,13.0,91.0,1028.0,0.1,302.0
375,"Hanover, VA",US,37.78,-77.52,2020-03-23,44.0,53.0,5.0,94.0,1023.0,0.1,296.0
376,"Lancaster, SC",US,34.73,-80.68,2020-03-23,42.0,54.0,4.0,95.0,1024.0,0.0,143.0
377,"Sullivan, TN",US,36.49,-82.35,2020-03-23,48.0,53.0,2.0,97.0,1021.0,0.5,308.0
378,"Johnson, IN",US,39.46,-86.13,2020-03-23,36.0,48.0,7.0,76.0,1023.0,0.0,122.0
379,"Howard, IN",US,40.45,-86.13,2020-03-23,33.0,42.0,6.0,94.0,1023.0,0.0,119.0
380,"St. Joseph, IN",US,41.62,-86.34,2020-03-23,32.0,41.0,7.0,91.0,1023.0,0.0,176.0
381,"Knox, NE",US,42.67,-97.87,2020-03-23,33.0,53.0,5.0,84.0,1020.0,0.0,122.0
382,"Stark, OH",US,40.87,-81.25,2020-03-23,38.0,43.0,6.0,96.0,1019.0,0.1,122.0
383,"Anoka, MN",US,45.33,-93.22,2020-03-23,33.0,49.0,4.0,58.0,1021.0,0.0,119.0
384,"Olmsted, MN",US,44.0,-92.38,2020-03-23,32.0,44.0,8.0,86.0,1021.0,0.0,122.0
385,"Summit, UT",US,40.83,-111.0,2020-03-23,26.0,36.0,8.0,63.0,1011.0,0.0,116.0
386,"Fairfield, CT",US,41.26,-73.37,2020-03-23,22.0,37.0,13.0,80.0,1032.0,0.0,122.0
387,"Litchfield, CT",US,41.79,-73.28,2020-03-23,19.0,38.0,13.0,76.0,1032.0,0.0,122.0
388,"Orleans, LA",US,29.95,-90.07,2020-03-23,70.0,84.0,8.0,59.0,1021.0,0.0,116.0
389,"Pennington, SD",US,43.89,-102.25,2020-03-23,34.0,60.0,11.0,61.0,1015.0,0.0,116.0
390,"Beadle, SD",US,44.48,-98.22,2020-03-23,31.0,50.0,8.0,55.0,1019.0,0.0,116.0
391,"Charles Mix, SD",US,43.1,-98.4,2020-03-23,35.0,53.0,6.0,83.0,1019.0,0.0,122.0
392,"Davison, SD",US,43.72,-98.22,2020-03-23,32.0,47.0,7.0,83.0,1020.0,0.0,116.0
393,"Minnehaha, SD",US,43.66,-96.84,2020-03-23,34.0,45.0,6.0,91.0,1020.0,0.0,143.0
394,"Bon Homme, SD",US,42.98,-97.87,2020-03-23,35.0,53.0,6.0,83.0,1019.0,0.0,122.0
395,"Socorro, NM",US,33.88,-106.72,2020-03-23,52.0,68.0,14.0,20.0,1014.0,0.0,113.0
396,"Bernalillo, NM",US,35.02,-106.63,2020-03-23,48.0,67.0,13.0,32.0,1014.0,0.0,116.0
397,"Oakland, MI",US,42.59,-83.34,2020-03-23,30.0,37.0,7.0,95.0,1021.0,0.0,122.0
398,"Wayne, MI",US,42.28,-83.34,2020-03-23,33.0,41.0,7.0,90.0,1021.0,0.0,317.0
399,"New Castle, DE",US,39.54,-75.67,2020-03-23,37.0,45.0,13.0,93.0,1026.0,0.2,308.0
400,,Cuba,22.0,-80.0,2020-03-23,65.0,86.0,8.0,40.0,1022.0,0.0,116.0
401,,Guyana,5.0,-58.75,2020-03-23,72.0,92.0,6.0,51.0,1015.0,0.0,176.0
402,Australian Capital Territory,Australia,-35.47,149.01,2020-03-23,47.0,67.0,4.0,41.0,1024.0,0.0,116.0
403,United Kingdom,United Kingdom,55.38,-3.44,2020-03-23,29.0,46.0,11.0,59.0,1023.0,0.0,116.0
404,,Kazakhstan,48.02,66.92,2020-03-23,21.0,32.0,12.0,86.0,1033.0,0.0,116.0
405,French Polynesia,France,-17.68,149.41,2020-03-23,75.0,83.0,16.0,75.0,1014.0,0.0,353.0
406,Manitoba,Canada,53.76,-98.81,2020-03-23,14.0,30.0,4.0,81.0,1015.0,0.0,116.0
407,Saskatchewan,Canada,52.94,-106.45,2020-03-23,19.0,30.0,11.0,94.0,1013.0,0.0,122.0
408,,Ethiopia,9.15,40.49,2020-03-23,66.0,88.0,1.0,51.0,1015.0,0.0,116.0
409,,Sudan,12.86,30.22,2020-03-23,69.0,99.0,16.0,7.0,1012.0,0.0,113.0
410,,Guinea,9.95,-9.7,2020-03-23,73.0,99.0,9.0,33.0,1011.0,0.0,116.0
411,Grand Princess,Canada,37.65,-122.67,2020-03-23,37.0,52.0,11.0,81.0,1020.0,0.0,119.0
412,,Kenya,-0.02,37.91,2020-03-23,61.0,79.0,6.0,45.0,1013.0,0.0,116.0
413,,Antigua and Barbuda,17.06,-61.8,2020-03-23,76.0,78.0,22.0,78.0,1020.0,0.0,353.0
414,Alabama,US,32.32,-86.9,2020-03-23,58.0,73.0,8.0,84.0,1020.0,0.1,122.0
415,,Uruguay,-32.52,-55.77,2020-03-23,54.0,85.0,8.0,40.0,1019.0,0.0,113.0
416,,Ghana,7.95,-1.02,2020-03-23,76.0,90.0,7.0,63.0,1010.0,0.0,116.0
417,Puerto Rico,US,18.22,-66.59,2020-03-23,72.0,81.0,13.0,68.0,1021.0,0.0,353.0
418,,Namibia,-22.96,18.49,2020-03-23,66.0,84.0,10.0,28.0,1014.0,0.0,116.0
419,,Seychelles,-4.68,55.49,2020-03-23,81.0,82.0,12.0,81.0,1011.0,0.2,359.0
420,,Trinidad and Tobago,10.69,-61.22,2020-03-23,74.0,84.0,11.0,62.0,1017.0,0.0,116.0
421,,Venezuela,6.42,-66.59,2020-03-23,78.0,101.0,12.0,28.0,1013.0,0.0,116.0
422,,Eswatini,-26.52,31.47,2020-03-23,62.0,85.0,4.0,52.0,1017.0,0.0,176.0
423,,Gabon,-0.8,11.61,2020-03-23,69.0,91.0,3.0,58.0,1011.0,0.0,176.0
424,,Guatemala,15.78,-90.23,2020-03-23,56.0,76.0,5.0,55.0,1018.0,0.0,116.0
425,,Mauritania,21.01,10.94,2020-03-23,77.0,103.0,3.0,10.0,1007.0,0.0,116.0
426,,Rwanda,-1.94,29.87,2020-03-23,59.0,76.0,4.0,71.0,1014.0,0.1,356.0
427,,Saint Lucia,13.91,-60.98,2020-03-23,77.0,81.0,16.0,67.0,1018.0,0.0,116.0
428,,Saint Vincent and the Grenadines,12.98,-61.29,2020-03-23,79.0,79.0,18.0,77.0,1018.0,0.0,116.0
429,,Suriname,3.92,-56.03,2020-03-23,68.0,91.0,5.0,44.0,1015.0,0.0,116.0
430,French Guiana,France,3.93,-53.13,2020-03-23,68.0,92.0,5.0,51.0,1015.0,0.0,119.0
431,Guam,US,13.44,144.79,2020-03-23,78.0,82.0,14.0,77.0,1011.0,0.0,176.0
432,,Kosovo,42.6,20.9,2020-03-23,18.0,33.0,13.0,59.0,1021.0,0.0,329.0
433,Newfoundland and Labrador,Canada,53.14,-57.66,2020-03-23,10.0,28.0,16.0,47.0,1026.0,0.0,116.0
434,Prince Edward Island,Canada,46.51,-63.42,2020-03-23,15.0,27.0,7.0,82.0,1041.0,0.0,116.0
435,,Central African Republic,6.61,20.94,2020-03-23,74.0,96.0,5.0,44.0,1009.0,0.0,263.0
436,,Congo (Brazzaville),-4.04,21.76,2020-03-23,69.0,90.0,4.0,55.0,1010.0,0.0,116.0
437,,Equatorial Guinea,1.5,10.0,2020-03-23,79.0,86.0,6.0,67.0,1011.0,0.0,353.0
438,Mayotte,France,-12.83,45.17,2020-03-23,83.0,85.0,3.0,67.0,1013.0,0.0,116.0
439,,Uzbekistan,41.38,64.59,2020-03-23,45.0,62.0,27.0,38.0,1015.0,0.0,116.0
440,Netherlands,Netherlands,52.13,5.29,2020-03-23,31.0,49.0,13.0,39.0,1033.0,0.0,113.0
441,Nova Scotia,Canada,44.68,-63.74,2020-03-23,20.0,30.0,6.0,43.0,1041.0,0.0,122.0
442,Guadeloupe,France,16.25,-61.58,2020-03-23,74.0,79.0,13.0,77.0,1019.0,0.2,356.0
443,,Benin,9.31,2.32,2020-03-23,74.0,90.0,7.0,62.0,1010.0,0.0,116.0
444,,Liberia,6.43,-9.43,2020-03-23,75.0,86.0,5.0,63.0,1012.0,0.0,116.0
445,Curacao,Netherlands,12.17,-68.99,2020-03-23,79.0,80.0,19.0,79.0,1017.0,0.1,176.0
446,,Somalia,5.15,46.2,2020-03-23,77.0,96.0,3.0,40.0,1010.0,0.0,116.0
447,,Tanzania,-6.37,34.89,2020-03-23,64.0,78.0,3.0,68.0,1015.0,0.0,176.0
448,Virgin Islands,US,18.34,-64.9,2020-03-23,65.0,76.0,21.0,76.0,1021.0,0.0,122.0
449,Cayman Islands,United Kingdom,19.31,-81.25,2020-03-23,78.0,79.0,15.0,79.0,1021.0,0.0,116.0
450,Reunion,France,-21.14,55.25,2020-03-23,73.0,81.0,2.0,72.0,1016.0,0.0,116.0
451,,Barbados,13.19,-59.54,2020-03-23,77.0,81.0,17.0,69.0,1018.0,0.0,116.0
452,,Montenegro,42.5,19.3,2020-03-23,39.0,47.0,8.0,44.0,1019.0,0.0,116.0
453,,Kyrgyzstan,41.2,74.77,2020-03-23,18.0,30.0,8.0,63.0,1017.0,0.0,116.0
454,,Mauritius,-20.2,57.5,2020-03-23,76.0,83.0,15.0,77.0,1015.0,0.0,119.0
455,Aruba,Netherlands,12.52,-70.04,2020-03-23,79.0,81.0,19.0,78.0,1016.0,0.0,176.0
456,,Zambia,-15.42,28.28,2020-03-23,61.0,78.0,7.0,60.0,1016.0,0.0,116.0
457,,Djibouti,11.83,42.59,2020-03-23,80.0,88.0,6.0,63.0,1012.0,0.0,176.0
458,,"Gambia, The",13.44,-15.31,2020-03-23,69.0,99.0,9.0,19.0,1013.0,0.0,116.0
459,Montserrat,United Kingdom,16.74,-62.19,2020-03-23,63.0,78.0,23.0,80.0,1020.0,0.0,353.0
460,,"Bahamas, The",25.03,-77.4,2020-03-23,62.0,74.0,11.0,78.0,1024.0,0.0,116.0
461,Greenland,Denmark,71.71,-42.6,2020-03-23,-43.0,-26.0,9.0,97.0,998.0,0.0,122.0
462,New Caledonia,France,-20.9,165.62,2020-03-23,71.0,79.0,12.0,70.0,1012.0,0.0,176.0
463,Bermuda,United Kingdom,32.31,-64.75,2020-03-23,54.0,67.0,23.0,85.0,1029.0,0.0,296.0
464,,Chad,15.45,18.73,2020-03-23,77.0,107.0,9.0,7.0,1006.0,0.0,113.0
465,,El Salvador,13.79,-88.9,2020-03-23,70.0,96.0,5.0,24.0,1015.0,0.0,116.0
466,,Fiji,-17.71,178.07,2020-03-23,74.0,84.0,7.0,85.0,1010.0,0.2,299.0
467,,Nicaragua,12.87,-85.21,2020-03-23,65.0,89.0,21.0,39.0,1015.0,0.0,116.0
468,,Madagascar,-18.77,46.87,2020-03-23,54.0,72.0,10.0,68.0,1017.0,0.0,116.0
469,,Haiti,18.97,-72.29,2020-03-23,64.0,84.0,5.0,42.0,1020.0,0.0,116.0
470,,Angola,-11.2,17.87,2020-03-23,60.0,76.0,9.0,66.0,1013.0,0.0,176.0
471,,Cabo Verde,16.54,-23.04,2020-03-23,59.0,69.0,19.0,75.0,1018.0,0.0,176.0
472,Sint Maarten,Netherlands,18.04,-63.05,2020-03-23,66.0,77.0,22.0,77.0,1021.0,0.0,122.0
473,,Niger,17.61,8.08,2020-03-23,82.0,104.0,3.0,9.0,1008.0,0.0,113.0
474,,Papua New Guinea,-6.32,143.96,2020-03-23,56.0,69.0,3.0,88.0,1009.0,0.1,176.0
475,Isle of Man,United Kingdom,54.24,-4.55,2020-03-23,38.0,44.0,12.0,71.0,1024.0,0.0,116.0
476,,Zimbabwe,-20.0,30.0,2020-03-23,62.0,83.0,8.0,41.0,1016.0,0.0,116.0
477,Northwest Territories,Canada,64.83,-124.85,2020-03-23,-14.0,8.0,2.0,86.0,1033.0,0.0,116.0
478,,Cape Verde,15.11,-23.62,2020-03-23,67.0,70.0,20.0,73.0,1017.0,0.0,116.0
479,,East Timor,-8.55,125.56,2020-03-23,70.0,83.0,4.0,70.0,1010.0,0.0,176.0
480,,Eritrea,15.18,39.78,2020-03-23,56.0,75.0,3.0,24.0,1013.0,0.0,113.0
481,,Uganda,1.0,32.0,2020-03-23,67.0,87.0,4.0,46.0,1012.0,0.0,116.0
